name,trans
はづき,ฮัตซึกิ
店員,พนักงาน
めぐるの友達,เพื่อนของเมกุรุ
めぐる＆恋鐘＆咲耶,เมกุรุ&โคกาเนะ&ซาคุยะ
めぐる,เมกุรุ
カメラマン,ช่างภาพ
スタイリスト,สไตล์ลิสต์
スタッフＡ,สตาฟ A
スタッフＢ,สตาฟ B
スタッフ,สตาฟ
ステージ主催者,ผู้จัดการเวที
テロップ,บทบรรยาย
ファン１,แฟนคลับ 1
ファン２,แฟนคลับ 2
ファン3,แฟนคลับ 3
ファンA,แฟนคลับ A
ファンB,แฟนคลับ B
プロデューサー,โปรดิวเซอร์
一同,ทุกคน
今週ボーカルレッスンがしたいです,I want to do a vocal lesson this week
凛世,รินเสะ
千雪＆プロデューサー,จิยูกิ&โปรดิวเซอร์
千雪,จิยูกิ
周囲の女の子たち,ผู้หญิงรอบข้าง
咲耶＆結華＆霧子,ซาคุยะ&ยุยกะ&คิริโกะ
咲耶＆結華,ซาคุยะ&ยุยกะ
咲耶,ซาคุยะ
夏葉,นัตสึฮะ
女の子,ผู้หญิง
幽霊？,วิญญาณ?
恋鐘＆咲耶＆果穂,โคกาเนะ&ซาคุยะ&คาโฮะ
恋鐘＆咲耶＆結華,โคกาเนะ&ซาคุยะ&ยุยกะ
恋鐘＆咲耶,โคกาเนะ&ซาคุยะ
恋鐘＆摩美々＆咲耶,โคกาเนะ&มามิมิ&ซาคุยะ
恋鐘＆摩美々＆結華,โคกาเนะ&มามิมิ&ยุยกะ
恋鐘＆摩美々＆霧子,โคกาเนะ&มามิมิ&คิริโกะ
恋鐘＆摩美々,โคกาเนะ&มามิมิ
恋鐘＆樹里,โคกาเนะ&จูริ
恋鐘＆甘奈,โคกาเนะ&อามานะ
恋鐘＆霧子,โคกาเนะ&คิริโกะ
恋鐘,โคกาเนะ
摩美々＆咲耶＆結華,มามิมิ&ซาคุยะ&ยุยกะ
摩美々＆結華,มามิมิ&ยุยกะ
摩美々＆霧子,มามิมิ&คิริโกะ
摩美々,มามิมิ
撮影スタッフ,สตาฟถ่ายภาพ
智代子＆夏葉,จิโยโกะ&นัตสึฮะ
智代子＆樹里＆夏葉,โจโกะ&จูริ&นัตสึฮะ
智代子＆樹里,จิโยโกะ&จูริ
智代子,จิโยโกะ
智代子&凛世,จิโยโกะ&รินเสะ
果穂＆樹里＆凛世,คาโฮะ&จูริ&รินเสะ
果穂＆凛世,คาโฮะ&รินเสะ
果穂＆夏葉＆千雪,คาโฮะ&นัตสึฮะ&จิยูกิ
果穂＆夏葉,คาโฮะ&นัตสึฮะ
果穂＆智代子＆夏葉,คาโฮะ&จิโยโกะ&นัตสึฮะ
果穂＆智代子＆樹里,คาโฮะ&จิโยโกะ&จูริ
果穂＆智代子,คาโฮะ&จิโยโกะ
果穂＆樹里＆夏葉,คาโฮะ&จูริ&นัตสึฮะ
果穂＆樹里,คาโฮะ&จูริ
智代子＆凛世,จิโยโกะ&รินเสะ
果穂＆甜花,คาโฮะ&เท็นกะ
果穂,คาโฮะ
樹里・夏葉,จูริ·นัตสึฮะ
樹里＆凛世＆夏葉,Juri&Rinze&Natsuha
樹里＆凛世,จูริ&รินเสะ
樹里＆智代子,จูริ&จิโยโกะ
樹里,จูริ
灯織＆めぐる,ฮิโอริ&เมกุรุ
灯織,ฮิโอริ
甘奈・甜花,อามานะ·เทนกะ
甘奈＆千雪,อามานะ&จิยูกิ
甘奈＆甜花,อามานะ&เทนกะ
甜花＆千雪,เทนกะ&จิยูกิ
甘奈,อามานะ
甜花,เทนกะ
男性,ผู้ชาย
番組スタッフ,สตาฟรายการ
監督,ผู้กำกับ
真乃＆めぐる,มาโนะ&เมกุรุ
真乃＆恋鐘＆結華,มาโนะ&โคกาเนะ&ยุยกะ
真乃＆灯織＆めぐる,มาโนะ&ฮิโอริ&เมกุรุ
真乃＆灯織,มาโนะ&ฮิโอริ
真乃,มาโนะ
社長,ประธาน
結華＆摩美々,ยุยกะ&มามิมิ
結華＆霧子,ยุยกะ&คิริโกะ
結華,ยุยกะ
観客,Judge
記者,นักข่าว
赤ちゃん,เด็กทารก
霧子,คิริโกะ
３、２、１──,"3, 2, 1──"
アイドル,ไอดอล
イベント関係者,สตาฟอีเวนต์
愛依,เมย์
通行人,ผู้คน
冬優子,ฟุยุโกะ
あさひ,อาซาฮิ
めぐる＆プロデューサー,เมกุรุ&โปรดิวเซอร์
真乃＆プロデューサー,มาโนะ&โปรดิวเซอร์
灯織＆プロデューサー,ฮิโอริ&โปรดิวเซอร์
凛世＆プロデューサー,รินเสะ&โปรดิวเซอร์
男性１,ผู้ชาย 1
男性２,ผู้ชาย 2
女性１,ผู้หญิง 1
智代子＆プロデューサー,จิโยโกะ&โปรดิวเซอร์
ナレーション,Narration
スタッフ１,สตาฟ1
スタッフ２,สตาฟ2
スタッフ３,สตาฟ3
スタッフ４,สตาฟ4
クラスメイト,เพื่อนร่วมห้อง
カホ＆ジュリ＆ナツハ,คาโฮะ&จูริ&นัตสึฮะ
カホ＆ジュリ,คาโฮะ&จูริ
カホ＆チヨコ＆ジュリ,คาโฮะ&จิโยโกะ&จูริ
カホ＆チヨコ,คาโฮะ&จิโยโกะ
カホ＆ナツハ,คาโฮะ&นัตสึฮะ
カホ＆リンゼ＆ナツハ,คาโฮะ&รินเสะ&นัตสึฮะ
カホ,คาโฮะ
ジュリ＆ナツハ,จูริ&นัตสึฮะ
ジュリ,จูริ
チヨコ＆ジュリ,จิโยโกะ&จูริ
チヨコ,จิโยโกะ
ナツハ,นัตสึฮะ
リンゼ,รินเสะ
リーダーの少女,Leader Girl
校長,อาจารย์ใหญ่
あさひ＆冬優子,อาซาฮิ&ฟุยุโกะ
あさひ＆愛依,อาซาฮิ&เมย์
冬優子＆愛依,ฟุยุโกะ&เมย์
司会者,พิธีกร
女性の観客,Female Judge
男性の観客,Male Judge
観客１,Judge 1
観客２,Judge 2
観客３,Judge 3
責任者,ผู้จัดการ
白うさぎ,กระต่ายขาว
恋鐘&咲耶&結華,โคกาเนะ&ซาคุยะ&ยุยกะ
結華＆霧子,ยุยกะ&คิริโกะ
おばあさん,คุณยาย
美容師,ช่างเสริมสวย
同級生１＆２,เพื่อนร่วมห้อง 1&2
同級生１,เพื่อนร่วมห้อง 1
同級生２,เพื่อนร่วมห้อง 2
子どもたち,พวกเด็กๆ
不審な男,ผู้ชายน่าสงสัย
仔馬,ลูกม้า
果穂＆甘奈＆千雪,คาโฮะ&อามานะ&จิยูกิ
賞金稼ぎ,นักล่าเงินรางวัล
乗務員一同,เจ้าหน้าที่ทุกคน
智代子＆凛世＆夏葉,จิโยโกะ&รินเสะ&นัตสึฮะ
生徒会長,ประธานนักเรียน
副会長,รองประธาน
コーチ,โค้ช
校内放送,เสียงตามสาย
ラジオ番組,รายการวิทยุ
生徒,นักเรียน
オニ,Demon
ゲーム画面,หน้าจอเกม
真乃＆霧子＆甜花,มาโนะ&คิริโกะ&เทนกะ
無線連絡,Wireless
透,โทรุ
小糸,โคอิโตะ
円香,มาโดกะ
雛菜,ฮินานะ
透＆円香＆小糸＆雛菜,noctchill
円香＆プロデューサー,มาโดกะ&โปรดิวเซอร์
TV局職員,TV Staff
ADふうの女性,Director Woman
番組ディレクター,ผู้กำกับรายการ
芸能人ふうの男性,Celebrity Guy
モデルふうの女性,Model
トレーナー,เทรนเนอร์
女子高生,สาวมัธยมปลาย
コンビニ店員,พนักงานร้านสะดวกซื้อ
街頭モニター,Street Monitor
つけっぱなしのテレビ,TV that was left on
テレビの音声,Voices from the TV
メッセージ,ข้อความ
女の子,ผู้หญิง
男の子,ผู้ชาย
男の子＆女の子,ผู้ชาย＆ผู้หญิง
女生徒,นักเรียนหญิง
主人公,ตัวเอก
作業員,Worker
摩美々&プロヂューサー,มามิมิ&โปรดิวเซอร์
智代子＆樹里＆凛世,จิโยโกะ&จูริ&รินเสะ
少女,เด็กสาว
学生,นักเรียน
少女＆透,เด็กสาว&โทรุ
隣室の歌声,เสียงเพลงจากอีกห้อง
撮影ディレクター,Cinematographer
イベント主催者,ผู้จัดงานอีเวนต์
アナウンス,เสียงประกาศ
偉い人,ผู้รับผิดชอบ
ファン,แฟนคลับ
恋鐘＆結華＆霧子,โคกาเนะ&ยุยกะ&คิริโกะ
摩美々＆咲耶,มามิมิ&ซาคุยะ
咲耶＆摩美々,Sakuya&Mamimi
透＆プロデューサー,โทรุ&โปรดิวเซอร์
撮影スタッフ１,สตาฟถ่ายทำ 1
撮影スタッフ２,สตาฟถ่ายทำ 2
メイクスタッフ,สตาฟแต่งหน้า
撮影スタッフ３,สตาฟถ่ายทำ 3
雑誌記者,นักข่าวนิตยสาร
誰か,Someone
広告マン,Adperson
少年,Youth
母親,แม่
衣装スタッフ,สตาฟชุด
女子高生１,สาวมัธยมปลาย 1
女子高生２,สาวมัธยมปลาย 2
ウェイター,บริกร
関係者,ผู้เกี่ยวข้อง
円香＆小糸,มาโดกะ&โคอิโตะ
ダンストレーナー,ครูสอนเต้น
透＆小糸＆雛菜,โทรุ&โคอิโตะ&ฮินานะ
社会科教諭,อาจารย์สังคม
２年の生徒たち,นักเรียนปี 2
ディレクターふうの男性,Director-ish Guy
番組出演者,นักแสดงรายการ
番組ＭＣ,MC รายการ
SNSの投稿,ข้อความ SNS
透＆雛菜,โทรุ&ฮินานะ
音楽番組ディレクター,ผู้กำกับรายการเพลง
透＆円香,โทรุ&มาโดกะ
小糸＆雛菜,โคอิโตะ&ฮินานะ
円香＆小糸＆雛菜,มาโดกะ&โคอิโตะ&ฮินานะ
会議進行役,ผู้จัดงานประชุม
周囲の参加者,ผู้เข้าร่วม
クマ,หมี
リスナー,ผู้ฟัง
生徒２,นักเรียน 2
生徒１,นักเรียน 1
生徒１&生徒２,นักเรียน 1&2
アシスタント,ผู้ช่วย
カメラマンの声,เสียงของช่างภาพ
ヘアメイク,ช่างทำผม
小さな女の子,เด็กผู้หญิง
女の子の母親,แม่ของเด็กผู้หญิง
真乃のファン,แฟนคลับของมาโนะ
果穂の母,แม่คาโฮะ
にちか,นิจิกะ
美琴,มิโคโตะ
にちか＆プロデューサー,นิจิกะ＆โปรดิวเซอร์
フロアスタッフ,สตาฟประจำชั้น
ななみ,นานามิ
ななみ？,นานามิ?
実況,รายงานสด
ラジオ番組の構成作家,Radio Show's Writer
レコードのタイトル,Record Title
八雲なみ,ยาคุโมะ นามิ
ある現場の録音技師,Recording Engineer
フロアマネージャー,ผู้จัดการประจำชั้น
フロアの先輩１,Senior #1
フロアの先輩２,Senior #2
にちか＆先輩,นิจิกะ＆รุ่นพี่
フロアの先輩３,Senior #3
ディレクター,ผู้กำกับ
ルカ,ลูกะ
あさひ＆プロデューサー,อาซาฮิ＆โปรดิวเซอร์
冬優子＆あさひ,ฟุยุโกะ＆อาซาฮิ
店長,ผู้จัดการร้าน
年配の女性客,ลูกค้าหญิงสูงอายุ
真乃＆恋鐘,มาโนะ＆โคกาเนะ
現場スタッフ,สตาฟในงาน
生花店スタッフ,สตาฟร้านดอกไม้
めぐる＆灯織,เมกุรุ＆ฮิโอริ
オウム,นกแก้ว
VTRのナレーション,VTR Narration
透＆円香＆小糸,โทรุ＆มาโดกะ＆โคอิโตะ
飼育員,Animal keeper
真乃＆飼育員,Mano&Animal keeper
フクロウ,นกฮูก
スポンサー,สปอนเซอร์
広告会社ディレクター,Ad Director
広告Ｄ＆プロデューサー,Ad Director&Producer
インタビュアー,คนสัมภาษณ์
雛菜＆プロデューサー,ฮินานะ＆โปรดิวเซอร์
真乃＆霧子,มาโนะ＆คิริโกะ
摩美々＆智代子,มามิมิ＆จิโยโกะ
摩美々＆智代子＆にちか,มามิมิ＆จิโยโกะ＆นิจิกะ
ヒロイン,นางเอก
女性客,ลูกค้าผู้หญิง
メッセージボード,กระดานข้อความ
真乃＆霧子＆智代子,มาโนะ＆คิริโกะ＆จิโยโกะ
他店１店員,Store 1's Clerk
他店２店員,Store 2's Clerk
摩美々＆霧子＆智代子,มามิมิ＆คิริโกะ＆จิโยโกะ
にちか＆美琴,นิจิกะ＆มิโคโตะ
真乃＆結華＆千雪,มาโนะ＆ยุยกะ＆จิยูกิ
真乃＆千雪,มาโนะ＆จิยูกิ
果穂＆あさひ,คาโฮะ＆อาซาฮิ
摩美々＆甘奈,มามิมิ＆อามานะ
円香＆雛菜,มาโดกะ＆ฮินานะ
テレビ局スタッフ,TV Studio Staff
制作会社スタッフ,Production Staff
現場ディレクター,Site Director
知り合いのディレクター,Director Acquaintance
にちかと一同,นิจิกะและทุกคน
チームピーちゃん,ทีมพีจัง
チーム青春ジャージ,ทีมวัยรุ่นชุดวอร์ม
チームまりあ,ทีมมาเรีย
チーム一番星,ทีมดาวดวงแรก
チームヘルメス,ทีมเฮอร์มีส
チームうさちよかめ,ทีมกระต่ายจิโยะเต่า
謎の声,เสียงปริศนา
灯織＆果穂＆甘奈,ฮิโอริ＆คาโฮะ＆อามานะ
恋鐘＆智代子＆愛依,โคกาเนะ＆จิโยโกะ＆เมย์
結華＆千雪,ยุยกะ＆จิยูกิ
結華＆夏葉＆千雪,ยุยกะ＆นัตสึฮะ＆จิยูกิ
咲耶＆樹里＆冬優子,ซาคุยะ＆จูริ＆ฟุยุโกะ
めぐる＆樹里＆冬優子,เมกุรุ＆จูริ＆ฟุยุโกะ
めぐる＆咲耶＆冬優子,เมกุรุ＆ซาคุยะ＆ฟุยุโกะ
めぐる＆咲耶＆樹里,เมกุรุ＆ซาคุยะ＆จูริ
２８３のサンタたち,เหล่าซานต้า 283
摩美々＆恋鐘,มามิมิ＆โคกาเนะ
ボーカル講師,Vocal Instructor
スマホ画面,Phone Screen
マネージャー,ผู้จัดการ
お笑い,Comedian
SNSの投稿１,ข้อความ SNS 1
SNSの投稿２,ข้อความ SNS 2
雑誌質問,คำถามในนิตยสาร
舞踏講師,ผู้ฝึกสอนท่าเต้น
はづきからの連絡,ข้อความจากฮัทซึกิ
タクシー運転手,คนขับแท็กซี่
ラジオパーソナリティ,ผู้จัดรายการวิทยุ
ゲストの女医,Female Doctor Guest
番組司会者,TV Show Host
CDショップスタッフ,สตาฟร้าน CD
書きこみへのリプライ,Replies to Post
にちか＆お笑い,Nichika&Comedian
会場スタッフ,Venue Staff
雑誌記事,บทความบนนิตยสาร
スタッフ一同,สตาฟทุกคน
ピアノ生徒の保護者１,Piano Student Parent 1
ピアノ生徒の保護者２,Piano Student Parent 2
ピアノ生徒の保護者３,Piano Student Parent 3
ピアノ生徒の保護者４,Piano Student Parent 4
ダンサーたち,แดนเซอร์
知人ダンサー,เพื่อนแดนเซอร์
ピアノ生徒,Piano Student
ダンサー,แดนเซอร์
芸能記事,Entertainment Article
現場スタッフ数名,Several Site Staff
スポンサー企業,Sponsor Company
広告マン,Adperson
企画ディレクター,Project Director
お笑い１,Comedian 1
お笑い２,Comedian 2
お笑い１＆お笑い２,Both Comedians
バイト先の先輩,Part-time Job Senpai
番組アナウンサー,TV Announcer
番組MC,TV Show MC
番組スタッフたち,All TV Show Staff
番組スタッフ,TV Show Staff
メイクスタッフ１,Makeup Artist 1
メイクスタッフ２,Makeup Artist 2
アイドルグループ,ไอดอลกรุ๊ป
多人数の息,Many People's Breath
レッスン場スタッフ,สตาฟสถานที่ฝึกซ้อม
子ども,เด็ก
知人男性１,Male Acquaintance 1
知人男性２,Male Acquaintance 2
知人女性１,Female Acquaintance 1
ライブハウス受付,Club Front Desk
ライブハウスの客１,Club-goer 1
ライブハウスの客２,Club-goer 2
ライブハウスの客３,Club-goer 3
ライブハウスの客４,Club-goer 4
ライブハウスの客５,Club-goer 5
ライブハウスの客たち,Club-goers
テレビのニュース,News on TV
現場スタッフ１,Site Staff 1
現場スタッフ２,Site Staff 2
現場スタッフ３,Site Staff 3
現場監督,Site Overseer
舞台監督,Stage Director
帰路のタクシー運転手,Return Taxi Driver
ピアノ生徒の保護者,Piano Student Parent
委員長,Class President
ラジオMC,Radio MC
ダンス講師,อาจารย์สอนเต้น
透の母,แม่โทรุ
番組スポンサー,"Program Sponsor "
取引先のカメラマン,Client's Cameraman
映像ディレクター,Video Director
クラス委員,กรรมการห้อง
クラスメイト１,เพื่อนร่วมห้อง 1
クラスメイト２,เพื่อนร่วมห้อง 2
凛世＆夏葉,รินเสะ＆นัตสึฮะ
天井,อามาอิ
果穂＆智代子＆凛世,คาโฮะ＆จิโยโกะ＆รินเสะ
果穂＆凛世＆夏葉,คาโฮะ＆รินเสะ＆นัตสึฮะ
ダンサー１,แดนเซอร์ 1
ダンサー２,แดนเซอร์ 2
ダンサー３,แดนเซอร์ 3
ダンサー４,แดนเซอร์ 4
結華＆プロデューサー,ยุยกะ＆โปรดิวเซอร์
カメラマン（現在）,Cameraman (present)
メイク担当,Makeup Artist
クリーニング店受付,Dry-cleaner Reception
宅配スタッフ,พนักงานส่งของ
写真店スタッフ,Photo Store Staff
打ち上げの一同,Everyone at Party
ダンサー側スタッフ,Dancers' Staff
その場の一同,Everyone There
Ａチームダンサー１,Team A Dancer 1
司会,Host
Ａチーム,Team A
結華の父,พ่อยุยกะ
結華の母,แม่ยุยกะ
結華の友達,เพื่อนยุยกะ
ニュース番組リポーター,News Reporter
映画の音声,Movie Audio
雛菜の母,แม่ฮินานะ
雛菜の父,พ่อฮินานะ
近所の住民,Neighbour
近所の家族,Family Nearby
小糸の母,แม่โคอิโตะ
小糸の妹,น้องสาวของโคอิโตะ
透＆小糸,โทรุ＆โคอิโตะ
AB船員,Able-seaman
航海士,Mate
船長,Captain
ボーイ,Boy
円香の父,พ่อของมาโดกะ
円香の母,แม่ของมาโดกะ
プロデューサーの文面,ข้อความของโปรดิวเซอร์
アイドルのツイスタ,Idol's Twesta
階下の声,Voice from Below
親戚の子,Relative's Child
透の叔母,Toru's Aunt
善村記者,Reporter Yoshimura
書店員,พนักงานร้านหนังสือ
浅倉家から聞こえる声,Voices from Asakura's
アイドル１,ไอดอล 1
アイドル２,ไอดอล 2
アイドル３,ไอดอล 3
アイドル４,ไอดอล 4
アイドル５,ไอดอล 5
アイドル６,ไอดอล 6
アイドル７,ไอดอล 7
中堅アイドルグループ,Mid-level Idol Group
控室のアイドルたち,Idols in Green Room
拡声器のアナウンス,"Loudspeaker "
会場のアイドルたち,Idols on Stage
善村とプロデューサー,Yoshimura&Producer
出場者一同,All Participants
Ａチームダンサー２,Team A Dancer 2
CM,Commercial
カンペ,Cue Card
冬優子＆プロデューサー,ฟุยุโกะ＆โปรดิวเซอร์
一年生たち,นักเรียนปีหนึ่ง
一年生１,นักเรียนปี 1
一年生２,นักเรียนปี 2
代理店営業,ตัวแทนฝ่ายขาย
客１,Guest 1
店員１,พนักงาน 1
客２,Guest 2
店員２,พนักงาน 2
歓声,Cheers
透の担任,Toru's Homeroom Teacher
審判,Referee
クラスメイト３,เพื่อนร่วมห้อง 3
クラスメイト４,เพื่อนร่วมห้อง 4
商店街の会長,Chairman
写真館の主人,Photo Studio Owner
精肉店の店員,Butcher Shop Lady
スーパーの店員,Supermarket Employee
生花店の店主,Flower Shop Owner
会長の妻,Chairman's Wife
ツイスタ投稿１,Twesta Post 1
ツイスタ投稿２,Twesta Post 2
ツイスタ投稿３,Twesta Post 3
事務局スタッフ,Organizing Staff
甘奈＆甜花＆千雪,Amana&Tenka&Chiyuki
編集長,Editor-in-Chief
審査員,Judge
櫻木真乃,ซากุรากิ มาโนะ
風野灯織,คาซาโนะ ฮิโอริ
八宮めぐる,ฮาจิมิยะ เมกุรุ
月岡恋鐘,ซึกิโอกะ โคกาเนะ
田中摩美々,ทานากะ มามิมิ
白瀬咲耶,ชิราเสะ ซาคุยะ
三峰結華,มิซึมิเนะ ยุยกะ
幽谷霧子,ยูโคคุ คิริโกะ
小宮果穂,โคมิยะ คาโฮะ
園田智代子,โซโนดะ จิโยโกะ
西城樹里,ไซโจ จูริ
杜野凛世,โมริโนะ รินเสะ
有栖川夏葉,อาริสุกาวะ นัตสึฮะ
大崎甘奈,โอซากิ อามานะ
大崎甜花,โอซากิ เทนกะ
桑山千雪,คุวายามะ จิยูกิ
芹沢あさひ,เซริซาว่า อาซาฮิ
黛冬優子,มายุซึมิ ฟุยุโกะ
和泉愛依,อิซึมิ เมย์
福丸小糸,ฟุคุมารุ โคอิโตะ
市川雛菜,อิจิคาวะ ฮินานะ
七草にちか,นานะคุสะ นิจิกะ
緋田美琴,อาเคตะ มิโคโตะ
櫻木 真乃,Mano
風野 灯織,Hiori
八宮 めぐる,Meguru
月岡 恋鐘,Kogane
田中 摩美々,Mamimi
白瀬 咲耶,Sakuya
三峰 結華,Yuika
幽谷 霧子,Kiriko
小宮 果穂,Kaho
園田 智代子,Chiyoko
西城 樹里,Juri
杜野 凛世,Rinze
有栖川 夏葉,Natsuha
大崎 甘奈,Amana
大崎 甜花,Tenka
桑山 千雪,Chiyuki
芹沢 あさひ,Asahi
黛 冬優子,Fuyuko
和泉 愛依,Mei
福丸 小糸,Koito
市川 雛菜,Hinana
七草 にちか,Nichika
緋田 美琴,Mikoto
乗客１,ผู้โดยสาร 1
乗客２,ผู้โดยสาร 2
映画の中の男,Man in the movie
劇場男性スタッフ,Male Cinema Staff
企画担当,Project Coordinator
ツイスタの投稿,Twesta Post
制作スタッフ,Production Staff
劇場売店の女性店員,Cinema Counter Staff
契約書の文言,Text in Contract
透＆女子高生ら,Toru & Highschool Girls
映画館前の貼り紙,Cinema Notice
スマホからの音声,Voice on the Phone
クライアント,Client
不動産店スタッフ,Real Estate Agent
放クラ,Hokura
イルミネ,Ilumine
女将,Landlady
眼鏡の男性,Man in Glasses
ピアスの女性,Woman Wearing Earrings
バラエティ司会,Variety Show Host
雛壇芸人,Guest Entertainers
同級生,Classmate
お母さん,คุณแม่
ポップアップ,Pop-up
テレビ局部長,Head of TV Station
同僚,Colleague
ラジオディレクター,Radio Director
ラジオの音声,Voice on the Radio
店内BGM,Store's BGM
バイト仲間,Part-time Co-worker
メール,Email
グループ長,Group Leader
監督,ผู้กำกับ
年配の男性,Elderly Man
青年,Young Man
客,Shopper
客の連れ,Shopper's Partner
自分,Self
チェインの表示,Chain's Chat Screen
娘,Daughter
バスのアナウンス,Bus Speakers
店内アナウンス,Store Speakers
ラジオの音,Voice on the Radio
父,Dad
美百合,Miyuri
陽呂美,Hiromi
彼方,Kanata
萌夢,Megumu
銀之介,Ginnosuke
店員連絡ノート,Shift notes
高校生くらいの子,High School Age Girl
彼方＆萌夢,Kanata&Megumu
店内,Store
店頭モニター,Store Monitor
クリニック講師,Clinic Counselor
講師からのメール,Text From Counselor
ルカの母,แม่ของลูกะ
スナックのママ,Snack Bar Mama
ゲストの料理家,Celebrity Chef Guest
マネージャー（留守電）,Manager (Voicemail)
ルカの発言,คำพูดของลูกะ
代理店ディレクター,Agency Director
にちか＆はづき,นิจิกะ＆ฮัทซึกิ
広告会社のふたり,Ad Agency Employees
代理店営業,Agency Salesman
スポンサー担当者,Sponsor Spokesman
ラジオ局職員１,Radio Staff 1
ラジオ局職員２,Radio Staff 2
内科医,Physician
ファンの声援,Shouts of Fans
会場のポスター,Venue Poster
ライブハウススタッフ,Concert Venue Staff
ショップスタッフ１,พนักงานร้าน 1
ショップスタッフ２,พนักงานร้าน 2
ショップスタッフ３,พนักงานร้าน 3
物販スタッフ,Merch Booth Staff
帰りの客１,Departing Attendee 1
帰りの客２,Departing Attendee 2
ポップの文言,Writing on Display
ショップスタッフ４,พนักงานร้าน 4
ショップスタッフ５,พนักงานร้าน 5
にちか＆ルカ,นิจิกะ＆ลูกะ
制作スタッフ,Production Staff
配信ディレクター,Stream Director
雑誌の見出し,Magazine Headline
にちかのポップ,Nichika's Handwritten Display
犯人,Criminal
刑事,Detective
役者,Actor
ヘアメイクスタッフ,Hair/Make-up Staff
進行管理,Progress Manager
探偵たち,Detectives
弟子,Disciple
撮影監督,Shoot Director
所属スタッフ,Relevant Staff
新人アシスタント,New Hire Assistant
透＆新人アシスタント,Toru&New Hire
日本史教諭,History Teacher
雑誌編集長,Magazine Editor
生徒たち,นักเรียน
先日のスタッフ,Staff from before
撮影スタッフ４,Photo Staff 4
撮影スタッフ５,Photo Staff 5
撮影スタッフ一同,Shoot Staff
ト書き,Script Directions
タクシーの運転手,Taxi Driver
摩美々＆咲耶＆霧子,มามิมิ＆ซาคุยะ＆คิริโกะ
AD,AD
SNSへの投稿,ข้อความ SNS
SNSへの投稿10,ข้อความ SNS 10
SNSへの投稿11,ข้อความ SNS 11
SNSへの投稿12,ข้อความ SNS 12
アートディレクター,Art Director
アカウント２,Account 2
アカウント３,Account 3
アカウント４,Account 4
アカウント５,Account 5
アカウント６,Account 6
アカウント７,Account 7
アナウンサー,Announcer
あるアカウント,A Certain Account
デザイナー,Designer
ニュース記事見出し１,News Article Header 1
ニュース記事見出し２,News Article Header 2
ボーカルトレーナー,โวคัลเทรนเนอร์
めぐる＆スタッフ１,Meguru&Staff 1
モニターからの音声,Voice from Monitor
営業,Sales Rep
会場スタッフ１,Venue Staff 1
会場スタッフ２,Venue Staff 2
解説者,Analyst
観客の声援,Audience Cheers
企業社長,Company President
広告会社営業,Ad Agency Sales
視聴者コメント,Viewer Comments
事務長,Manager
選手たち,Players
配達員の投稿１,Delivery Worker Post 1
配達員の投稿２,Delivery Worker Post 2
配達員の投稿３,Delivery Worker Post 3
配達員の投稿４,Delivery Worker Post 4
配達員の投稿５,Delivery Worker Post 5
縫製スタッフ,Sewing Staff
大御所芸人,Star Performer
冬優子の母,แม่ฟุยุโกะ
先生,อาจารย์
女子生徒１,Schoolgirl 1
女子生徒２,Schoolgirl 2
女子生徒３,Schoolgirl 3
教師,อาจารย์
冬優子の友人１,Fuyuko's Friend 1
冬優子の友人２,Fuyuko's Friend 2
冬優子の友人３,Fuyuko's Friend 3
店主,Shop Owner
番組予告,Show Trailer
雑誌のゲラ,Magazine Galley
愛依の妹,Mei's Little Sister
アーティスト,Artist
配信者,Video Creator
愛依の友人,Mei's Friend
会社員,Employee
演出家,Stage Director
振付,Choreographer
動画サイト,Video Site
ものまね,Impersonator
審査員１,Judge 1
審査員２,Judge 2
審査員３,Judge 3
件名,Subject
ツイスタ,Twesta
愛依の妹＆弟,Mei's Sister&Brother
愛依の弟,Mei's Little Brother
愛依の母,Mei's Mother
配信の音声,Sound from Broadcast
愛依のツイスタ,Mei's Twesta
雨竜,อุริว
御子柴,Mikoshiba
ショップスタッフ,พนักงานร้าน
パパ,Papa
ママ,Mama
テレビの字幕,Subtitles on TV
通知,Notification
甜花＆プロデューサー,Tenka&Producer
リビングの声,Voices from L. Room
通行人１,ผู้คน 1
通行人２,ผู้คน 2
アドトレーラーの文字,ข้อความบนรถโฆษณา
ドアの外からの声,เสียงจากนอกประตู
スタジオスタッフ,สตาฟสตูดิโอ
ルカのSNS投稿,ข้อความ SNS ของลูกะ
SNSの反応１,ข้อความ SNS 1
SNSの反応２,ข้อความ SNS 2
SNSの反応３,ข้อความ SNS 3
SNSの反応４,ข้อความ SNS 4
町内会の方,คนของสมาคมเพื่อนบ้าน
咲耶＆凛世,ซาคุยะ＆รินเสะ
消防団の方,นักดับเพลิง
小糸＆プロデューサー,โคอิโตะ＆โปรดิวเซอร์
灯織からの連絡,ข้อความจากฮิโอริ
廊下で練習する練習生,นักเรียนฝึกซ้อมที่ทางเดิน
駆け出しダンサー,แดนเซอร์ฝึกหัด
練習生とダンサー,นักเรียนและแดนเซอร์
凛世＆小糸,รินเสะ＆โคอิโตะ
練習生と練習生２,นักเรียนฝึกซ้อม 1&2
高校生１,นักเรียนมัธยมปลาย 1
高校生２,นักเรียนมัธยมปลาย 2
練習生たち,นักเรียนฝึกซ้อม
隣のレジスタッフ,พนักงานคิดเงิน
隣のレジ客,ลูกค้าคนต่อไป
灯織の前の客,ลูกค้าข้างหน้าฮิโอริ
自列のレジスタッフ,พนักงานในแถวของฮิโอริ
咲耶＆透,ซาคุยะ＆โทรุ
ハガキの文面,ข้อความในโปสการ์ด
カードの文面,ข้อความในการ์ด
咲耶＆凛世＆小糸,ซาคุยะ＆รินเสะ＆โคอิโตะ
灯織＆ルカ,ฮิโอริ＆ลูกะ
町の人１,ผู้คนในเมือง 1
町の人２,ผู้คนในเมือง 2
町の人３,ผู้คนในเมือง 3
町内会の方２,คนของสมาคม 2
医院の人,คนของคลินิก
老いた女性,หญิงชรา
凛世＆透＆小糸,รินเสะ＆โทรุ＆โคอิโตะ
クラスメイトたち,เพื่อนร่วมห้อง
咲耶＆凛世＆透,ซาคุยะ＆รินเสะ＆โทรุ
男子生徒A,นักเรียนชาย A
男子生徒B,นักเรียนชาย B
男子生徒C,นักเรียนชาย C
女子生徒A,นักเรียนหญิง A
女子生徒B,นักเรียนหญิง B
女子生徒C,นักเรียนหญิง C
女子生徒D,นักเรียนหญิง D
学園祭の客A,School Fes Guest A
学園祭の客B,School Fes Guest B
灯織の父,พ่อของฮิโอริ
灯織の母,แม่ของฮิโอริ
女性アナウンサー,Female Announcer
番組スタッフ１,Program Staff 1
番組スタッフ２,Program Staff 2
番組スタッフ３,Program Staff 3
大崎家の母,Osaki Mother
甘奈からの手紙,Letter from Amana
音響,Audio Staff
隣の生徒,Neighboring Student
結華の友人１,Yuika's Friend 1
結華の友達１,Yuika's Friend 1
結華の友達２,Yuika's Friend 2
結華の友達３,Yuika's Friend 3
甘奈の友人,Amana's Friend
大崎家の父,Osaki Father
甘奈＆甜花＆父,Amana&Tenka&Father
親戚,Relative
ポスター,โปสเตอร์
甜花＆父,เท็นกะ พ่อ
スマホの音声,เสียงจากสมาร์ทโฟน
父と母,พ่อ แม่
体育教師,ครูพละ
インタビュー記事,ข้อความสัมภาษณ์
ボイストレーナー,วอยซ์เทรนเนอร์
ルカ事務所スタッフ１,สตาฟสำนักงานของลูกะ1
ルカ事務所スタッフ２,สตาฟสำนักงานของลูกะ2
ルカ事務所スタッフ３,สตาฟสำนักงานของลูกะ3
ルカ事務所スタッフ４,สตาฟสำนักงานของลูกะ4
ルカ事務所スタッフ５,สตาฟสำนักงานของลูกะ5
ルカ事務所スタッフ６,สตาฟสำนักงานของลูกะ6
ルカ事務所スタッフ７,สตาฟสำนักงานของลูกะ7
雑誌記事見出し,หัวข้อบนนิตยสาร
ドア越しのマネージャー,ผู้จัดการที่อยู่หลังประตู
同僚マネージャー,เพื่อนร่วมงานของผู้จัดการ
チェインの文面,ข้อความ Chain
イベントスタッフ,สตาฟอีเวนต์
担任の先生,ครูประจำชั้น
果穂の友人,เพื่อนของคาโฮะ
果穂の母,แม่ของคาโฮะ
果穂の兄,พี่ชายของคาโฮะ
果穂の父,พ่อของคาโฮะ
メディア記者,สื่อข่าวบันเทิง
司会進行,พิธีกรในงาน
階下の母の声,เสียงแม่ที่อยู่ชั้นล่าง
階下の父の声,เสียงพ่อที่อยู่ชั้นล่าง
近くの乗客,ผู้โดยสารข้างๆ
ファンレター,จดหมายจากแฟนคลับ
